employee_personal_info_id,employee_ethic_origin,employee_native_language,employee_veteran_status,employee_id
1,urna pretium nisl,Greek,true,79
2,in faucibus orci,Tsonga,true,24
3,at velit,Malayalam,true,18
4,morbi,Quechua,false,65
5,suspendisse accumsan tortor,Kashmiri,false,3
6,aliquet massa id,Kazakh,true,49
7,quis libero nullam,Moldovan,false,41
8,lacus curabitur,Malayalam,false,34
9,vestibulum aliquet,Maltese,false,100
10,sed augue aliquam,Hindi,true,54
11,libero non,Swahili,true,59
12,cras non velit,Sotho,false,52
13,elit,Kazakh,false,65
14,fermentum,Japanese,false,84
15,augue vel,West Frisian,false,10
16,mollis molestie lorem,Catalan,false,83
17,nulla nisl nunc,Albanian,false,17
18,sodales,Italian,false,3
19,turpis eget elit,Spanish,true,26
20,hac,Tsonga,true,57
21,sit amet consectetuer,Punjabi,true,72
22,nunc donec,Czech,false,99
23,suspendisse potenti in,Khmer,true,13
24,sit,Dhivehi,false,59
25,amet diam,Czech,false,47
26,risus dapibus augue,Gujarati,false,76
27,etiam faucibus cursus,Belarusian,true,60
28,iaculis congue,Romanian,false,69
29,fusce posuere felis,Danish,true,73
30,quam,Arabic,true,93
31,semper est,Papiamento,false,52
32,ultrices libero,New Zealand Sign Language,true,40
33,sit amet sem,Czech,true,19
34,aliquet,German,false,100
35,justo morbi ut,Catalan,true,16
36,nibh,Latvian,false,86
37,nulla mollis molestie,Assamese,false,42
38,in,Bislama,false,82
39,suspendisse potenti,Bulgarian,false,66
40,integer non velit,Hiri Motu,true,9
41,justo,English,false,14
42,vestibulum proin eu,Croatian,false,62
43,blandit ultrices,Tetum,false,58
44,ligula,Gujarati,false,91
45,porta volutpat quam,Quechua,true,99
46,venenatis turpis,Gujarati,true,100
47,quam,Thai,true,31
48,suspendisse potenti cras,Zulu,false,52
49,massa donec,New Zealand Sign Language,true,2
50,nunc viverra dapibus,Afrikaans,true,84
51,nulla elit ac,Romanian,true,48
52,tincidunt lacus,New Zealand Sign Language,true,41
53,vulputate,Afrikaans,false,75
54,duis bibendum felis,Norwegian,true,67
55,ut erat curabitur,Kannada,true,87
56,at,Kurdish,true,22
57,a,Belarusian,false,51
58,penatibus,Irish Gaelic,true,97
59,faucibus orci luctus,Albanian,false,75
60,orci luctus et,Greek,true,48
61,risus auctor,Burmese,true,63
62,diam,Thai,false,25
63,sapien,English,true,72
64,faucibus cursus,Irish Gaelic,true,5
65,condimentum neque,Haitian Creole,true,66
66,facilisi cras,Yiddish,true,39
67,in,Aymara,true,4
68,nam tristique tortor,Kashmiri,true,33
69,ac leo,MƒÅori,false,95
70,elit,Irish Gaelic,false,46
71,congue vivamus,Polish,false,36
72,commodo vulputate justo,Japanese,true,25
73,in ante,Malayalam,false,32
74,donec,Papiamento,true,5
75,orci,Swati,false,37
76,eros,Czech,false,24
77,in felis,Gujarati,false,20
78,lacinia eget,Finnish,false,22
79,viverra diam vitae,Icelandic,false,5
80,erat curabitur,Filipino,false,64
81,nunc donec quis,Persian,true,66
82,justo maecenas rhoncus,Luxembourgish,true,5
83,non velit,Azeri,true,98
84,felis eu sapien,Georgian,true,38
85,sed,Punjabi,true,43
86,vel enim sit,Gujarati,true,42
87,odio,Burmese,true,58
88,porttitor,Italian,false,64
89,augue,Afrikaans,false,85
90,cursus,Croatian,false,18
91,duis consequat dui,Bengali,true,68
92,suscipit,Norwegian,false,60
93,justo lacinia,Sotho,false,32
94,ipsum dolor sit,Greek,true,47
95,dis parturient,New Zealand Sign Language,false,65
96,at lorem integer,Armenian,true,60
97,non quam,Oriya,true,87
98,curae donec pharetra,Luxembourgish,false,43
99,lectus pellentesque,Oriya,false,49
100,cum sociis natoque,Sotho,false,1
