Employee_employment_type_id,employment_type,employment_type_change
1,quis,eu mi nulla
2,montes nascetur,venenatis lacinia aenean
3,auctor sed,amet lobortis
4,lectus pellentesque,in
5,amet sem fusce,vel nisl
6,sapien,ultrices
7,sodales scelerisque mauris,ligula
8,in quis justo,sapien dignissim vestibulum
9,vel nulla eget,suscipit ligula
10,dui,morbi vel lectus
11,vulputate,porttitor id
12,sed justo pellentesque,faucibus
13,vel lectus,est
14,etiam,volutpat eleifend donec
15,at,congue risus semper
16,neque aenean,suscipit a feugiat
17,pede,nulla integer
18,suscipit a feugiat,donec vitae nisi
19,urna pretium nisl,imperdiet nullam
20,nascetur,congue etiam justo
21,purus eu magna,nascetur ridiculus mus
22,enim,et tempus semper
23,imperdiet nullam orci,ut
24,felis sed,potenti nullam
25,erat curabitur,quam a odio
26,mauris morbi non,donec quis
27,vel est,habitasse
28,dui,libero quis orci
29,porta,vivamus
30,magna at,semper
31,pellentesque ultrices mattis,velit
32,tristique,nulla tempus
33,felis ut at,placerat praesent blandit
34,non,nec condimentum neque
35,arcu,orci eget orci
36,vehicula,eu pede
37,consequat in consequat,justo maecenas rhoncus
38,in,non
39,iaculis,ligula
40,nunc donec quis,lorem integer tincidunt
41,amet cursus,tempus
42,interdum mauris,pellentesque
43,suspendisse,ultrices mattis odio
44,in,montes
45,morbi odio,sed
46,pede libero quis,pretium quis
47,dolor vel,a ipsum integer
48,pellentesque,enim leo
49,amet lobortis sapien,ut suscipit
50,nibh in hac,nisl duis
51,dolor morbi,mus etiam
52,phasellus sit amet,tincidunt eu felis
53,rhoncus,nibh in
54,id massa,pharetra magna ac
55,sociis,imperdiet sapien urna
56,in,justo nec
57,vel,ante ipsum primis
58,dapibus nulla,cras pellentesque
59,ipsum praesent blandit,tempus sit amet
60,nunc commodo placerat,turpis nec
61,sodales sed,condimentum
62,tempus vivamus,est risus
63,imperdiet,luctus
64,et,turpis
65,bibendum,curae
66,sed ante,id ligula suspendisse
67,magnis,amet nunc
68,bibendum,dapibus duis at
69,parturient,natoque penatibus et
70,donec vitae nisi,sed tristique
71,id ligula suspendisse,sit amet
72,leo rhoncus,ipsum ac
73,orci,eu pede
74,dui vel,sapien placerat
75,risus praesent lectus,faucibus cursus urna
76,aenean lectus pellentesque,leo
77,molestie hendrerit at,est quam pharetra
78,velit,nulla
79,posuere metus,enim
80,egestas metus aenean,nullam varius nulla
81,vel,integer non velit
82,nullam,augue vestibulum rutrum
83,ipsum integer,lacus at velit
84,dolor vel est,porta
85,odio cras,mauris
86,leo,pulvinar sed
87,leo odio porttitor,volutpat quam pede
88,lacus curabitur,volutpat in
89,morbi,accumsan tortor
90,duis mattis egestas,id nisl
91,volutpat,ultrices
92,sit amet,vitae
93,eros viverra eget,eros
94,et,massa tempor
95,proin,quisque erat
96,augue a,accumsan felis
97,primis,quam pede
98,eget massa,non velit
99,elit,enim
100,nulla suspendisse,integer non velit
