employee_employment_status_id,employment_status,employment_status_change
1,eu massa,lectus pellentesque eget
2,eros elementum pellentesque,ridiculus
3,a ipsum integer,in felis
4,donec,cras in purus
5,pellentesque ultrices phasellus,faucibus
6,ac leo,dapibus
7,eget tempus vel,cras pellentesque
8,aenean lectus,luctus cum sociis
9,sit amet,id pretium
10,in magna bibendum,nulla integer pede
11,etiam justo etiam,ultrices posuere cubilia
12,orci eget orci,sit amet
13,id nulla,etiam
14,cursus,non ligula
15,odio consequat varius,cubilia
16,neque duis,nibh
17,quam pharetra magna,luctus
18,at,vel
19,quis justo maecenas,ante ipsum primis
20,diam neque,at
21,diam erat fermentum,etiam faucibus cursus
22,vestibulum aliquet,vehicula
23,natoque penatibus et,cursus
24,consequat,in lacus curabitur
25,ut,nullam molestie
26,ut,ultrices mattis odio
27,sed,nam tristique
28,cras pellentesque volutpat,nulla facilisi
29,commodo placerat,tristique fusce
30,sagittis dui vel,a
31,curae,iaculis diam erat
32,tristique,curabitur in
33,dapibus,non quam
34,ante vivamus,erat quisque erat
35,dui vel sem,ante nulla justo
36,neque aenean,lobortis convallis
37,morbi sem mauris,quisque
38,enim lorem ipsum,condimentum id luctus
39,pede,posuere metus
40,id sapien in,vehicula
41,massa,morbi non
42,integer aliquet massa,at dolor
43,quam fringilla rhoncus,purus sit
44,lorem,leo rhoncus sed
45,curae nulla dapibus,aliquam
46,luctus ultricies eu,amet nunc
47,erat,volutpat convallis morbi
48,fusce consequat,non ligula
49,amet,tellus
50,eget semper,vel dapibus
51,vestibulum,ac
52,turpis integer,a
53,natoque penatibus et,tincidunt lacus
54,eget,nisi eu orci
55,eros viverra,curabitur
56,pede,at
57,quis tortor id,lectus in quam
58,ultrices,posuere cubilia curae
59,magnis dis,rutrum
60,pretium iaculis diam,gravida sem
61,at nulla,convallis duis
62,ligula nec sem,lacus at turpis
63,ultrices enim,viverra pede ac
64,mauris ullamcorper,nullam varius nulla
65,purus eu,lacinia
66,nascetur ridiculus,ut rhoncus aliquet
67,in,vestibulum sit
68,suspendisse,congue
69,vehicula consequat,vulputate ut ultrices
70,nunc,donec ut
71,nulla suscipit ligula,habitasse
72,magna at nunc,amet cursus
73,amet erat,sagittis nam
74,vitae nisi,luctus et
75,turpis elementum ligula,cubilia curae
76,diam,vel
77,non velit,nisl
78,scelerisque quam turpis,sodales sed
79,mi,iaculis justo in
80,proin leo,eget rutrum
81,massa volutpat,a ipsum integer
82,dis parturient montes,integer
83,dui vel nisl,aliquam
84,penatibus et,ac diam
85,tincidunt eget,nunc vestibulum
86,suspendisse potenti,vestibulum
87,turpis elementum ligula,nisl
88,dui maecenas,gravida
89,nunc nisl,ut mauris
90,massa tempor convallis,phasellus
91,et magnis dis,nulla
92,nulla,sociis natoque
93,fringilla rhoncus mauris,convallis
94,justo etiam,sit amet consectetuer
95,ipsum primis,nunc nisl duis
96,penatibus,tellus
97,erat,sit
98,enim sit,magna
99,turpis donec posuere,turpis nec
100,orci pede,fusce posuere
