interviewer_id,interviewer_fname,interviewer_lname
1,Elena,Lamshead
2,Krispin,Stonham
3,Felicle,Caiger
4,Dulcie,Rehm
5,Belicia,Gaine
6,Roosevelt,Parlott
7,Chere,Le Guin
8,Brennan,Birkin
9,Lina,Daysh
10,Jakob,Di Biagi
11,Elva,Bleas
12,Alaster,Huey
13,Phineas,Copeland
14,Curtis,Bewley
15,Suki,Eastway
16,Morgan,Manske
17,Farley,Marris
18,Abdel,Jump
19,Rochella,Iowarch
20,Eben,Stoyles
21,Pris,Wickson
22,Lyman,Walford
23,Pammy,Pynner
24,Osborn,Cleary
25,Rock,Necolds
26,Reidar,Aberkirdo
27,Vinny,Caw
28,Alonso,Klaffs
29,Lucky,Peacher
30,Cathryn,Treker
31,Harp,Olekhov
32,Flo,Kolak
33,Jakie,Rivaland
34,Paddy,Grimley
35,Igor,Phipson
36,Kalil,Vesque
37,Godfrey,Diben
38,Jessie,Matanin
39,Nanny,Cosans
40,Whit,Attenborrow
41,Keary,Christy
42,Forbes,Tack
43,Bondy,Ellerton
44,Donetta,Jeffries
45,Inge,Gecke
46,Ugo,Tebbitt
47,Meridel,Baudry
48,Greggory,Prestney
49,Kelsi,Teenan
50,Wait,Higgan
51,Carmon,Currm
52,Burch,Bertelmot
53,Sawyere,Nobriga
54,Mela,Selman
55,Kirby,McNickle
56,Joelie,Garcia
57,Hollyanne,Gonet
58,Sumner,Domegan
59,Ardelia,Showt
60,Haleigh,Asbrey
61,Arline,Quilter
62,Bamby,Pagden
63,Susi,Marklow
64,Bil,Wingate
65,Lauritz,McKechnie
66,Twyla,Devine
67,Tiffi,Bloschke
68,Hazlett,Graeser
69,Madelle,Warrener
70,Munroe,Kiddye
71,Bellina,Dagleas
72,Aarika,Pfeiffer
73,Bryan,Nekrews
74,Netta,Smiths
75,Desiri,Ewbach
76,Jory,Ianno
77,Sebastiano,Mapplebeck
78,Andres,Este
79,Nadean,Flamank
80,Veronike,Bodleigh
81,Skipper,Donizeau
82,Nonah,McGarvey
83,Titos,Derham
84,Teressa,Alebrooke
85,Hannie,Schober
86,Eimile,Jiran
87,Roxi,Minchinden
88,Opaline,Norman
89,Gerianne,Hamerton
90,Ulla,Peplow
91,Kendell,Cowterd
92,Nat,Pandey
93,Charlean,Cundey
94,Mignonne,Gouldstone
95,Josias,Pescud
96,Bobbe,Ewols
97,Curtis,McFarland
98,Dorry,Aers
99,Stafford,McQuorkel
100,Rikki,Chauvey
