leave_type_id int ,leave_type_name ,leave_type_rules 
1,Antiseptic Mouth Rinse,Recur unil ing hern-obst
2,KLEENEX Antibacterial Skin Cleanser,Dis histidine metabolism
3,Flecainide Acetate,Protan defect
4,COLLAGEN HD FOUNDATION,Mix dis conduct/emotion
5,Canadian Bluegrass,Latent schizophren-unsp
6,Dog Epithelium,Leprosy NEC
7,TRAMADOL HYDROCHLORIDE,Sebaceous cyst
8,Loratadine,Cerebel lacerat-mod coma
9,acarbose,Fasciolopsiasis
10,Cockroach American,3rd deg burn hand-mult
11,Gyno Complex,Preterm NEC 750-999g
12,Lysol,Cl skul/oth fx-deep coma
13,SHISEIDO FUTURE SOLUTION LX DAYTIME PROTECTIVE,Heat edema
14,Neumega,Clinic anophthalmos NOS
15,Sestamibi,Hx estrogen therapy
16,BOTANICS FACE LIFT FIRMING CREAM SUNSCREEN SPF 10,DMII neuro nt st uncntrl
17,Jentadueto,Nonsp abn find-gu organs
18,RIXUBIS,Coarctation of aorta
19,Ceramide Lift And Firm Makeup Broad Spectrum Sunscreen SPF 15 Beige,Eclampsia-unspecified
20,Cough - Asthma,Fx metatarsal-closed
21,Hydrocodone Bitartrate And Acetaminophen,Mnplg upr lmb nondmnt sd
22,Uniphyl,Meningitis NOS
23,Tetracaine,Opn cort contus-coma NOS
24,Glyburide,Blister hip & leg-infect
25,Sinus and Allergy,Trans arthropathy-ankle
26,supernatural airbrushed canvas broad spectrum spf 15 sunscreen,Toxic eff caustic alkali
27,Dilantin,Malposition NEC-deliver
28,Ofloxacin,TB of ureter-histo dx
29,Acetaminophen,Otorrhea NEC
30,pravastatin sodium,Mastodynia
31,Bisacodyl,Late effect injury NOS
32,ZOVIRAX,Periph T cell lymph head
33,Secret Outlast and Olay Smooth,Rat-bite fever NOS
34,Pantoprazole Sodium,Pois-uric acid metabol
35,Breakout Clearing All Over Toner,Flat retinoschisis
36,Doxycycline Hyclate,Other serum reaction
37,Famotidine,Auditory recruitment
38,TYLENOL Cold And Flu,Anim drawn-occ st car
39,Doxepin Hydrochloride,Pyrophos cryst-site NEC
40,Up and Up anti diarrheal,Ob trauma NEC-delivered
41,Parasites,Acute gastritis w hmrhg
42,Calcium Chloride,Crit illness neuropathy
43,Zicam,Cerebral palsy NOS
44,Antifungal Clotrimazole,Accid on street/highway
45,Perforomist,Aircrft acc NEC-pasngr
46,Metaxalone,TB urinary NEC-oth test
47,quetiapine fumarate,"BMI between 19-24,adult"
48,Naratriptan,Neurosyphilis NOS
49,FAMILY DOLLAR,Hydroceph fetus-antepart
50,health mart lice killing,Dev dislocat joint-shldr
51,Equate Liquid Foot,TB periph lymph-unspec
52,Jentadueto,Vomit compl preg-antepar
53,Atorvastatin Calcium,Testicular hypofunc NEC
54,biokera,Recur dislocat-ankle
55,Kaletra,Toxic effect arsenic
56,HYOSCYAMINE SULFATE,Postablat testic hypofun
57,Triazolam,Malig neo lower gum
58,Lorazepam,Ob trauma NOS-delivered
59,Pylera,Upper limb anomaly NEC
60,Prazosin Hydrochloride,Food poisoning NOS
61,Clearasil PerfectaWash,Sacral spinal cord injur
62,English Walnut,Opn skl/oth fx-prol coma
63,Metformin Hydrochloride,Obstacle course
64,Thyroveev,Malig neo glans penis
65,NIVEA A Kiss of Smoothness Hydrating Lip Care,Fall from train-ped cycl
66,Gripmax,Rheumatic aortic insuff
67,Amitriptyline Hydrochloride,Poison-opiate antagonist
68,Metformin Hydrochloride,Dermatitis oth radiation
69,CRYSELLE,Watercraft expl-pers NOS
70,Meloxicam,Acute appendicitis NOS
71,Icy Hot Arthritis,GI injury NEC-closed
72,good sense tussin,Mult nerve root/plex inj
73,Fluticasone Propionate,Dis mid ear/mastoid NOS
74,Marvel Iron Man 3 Hand Sanitizer,Ac pelv peritonitis-fem
75,Fleet,Fem genital fistula NOS
76,Gentamicin Sulfate in Sodium Chloride,"Urin-genital fistul, fem"
77,kids cough,Histoplasm caps endocard
78,Namenda,Chilblains
79,Stool Softener,Letterer-siwe dis thorax
80,Levoxyl,Jt derangment NEC-pelvis
81,Levetiracetam,Joint symptom NEC-pelvis
82,Diclofenac sodium and Misoprostol,Joint dis NOS-pelvis
83,ACNE SOLUTIONS LIQUID MAKEUP,Post disloc humerus-open
84,Cephalexin,Loc prim osteoart-unspec
85,Terazol 3,Macrocheilia
86,Fanapt,Chronic pancreatitis
87,Lycogel Cover and Recovery - Breathable Concealer - SPF 30 with LYCO Complex,Extreme immatur wtNOS
88,Vomiting Diarrhea,Open wound scalp-compl
89,Pleo Ut S,Suprv elderly primigrav
90,AMMONIUM LACTATE,Hx-vaccine allergy
91,TOPIRAMATE,Abn cervix NEC-delivered
92,Systane,Prs ara wo inf w ntr/st
93,SAFEYWAY CARE,Galactosemia
94,Old Spice Red Zone Sweat Defense,Palindrom rheum-shlder
95,amoxicillin and clavulanate potassium,Ben neo spinal meninges
96,Pramipexole dihydrochloride,Postinfusion foreign bdy
97,Fexofenadine Hydrochloride,Lambert-Eaton syn ot dis
98,Alba Sunblock Natural Lavender SPF 45,Atypical manic disorder
99,Duet DHA,Placenta previa-deliver
100,Allopurinol,Diplegia of upper limbs
101,Glipizide,Foster-kennedy syndrome
102,Tri-Vit with Fluoride Drops,Vasa previa-unspecified
103,Lisinopril,Brucella melitensis
104,Bio Clematis,Pyrexia in labor-antepar
105,Stopain Cold Professional Strength Pain Relieving,Malig neo skin ear NOS
106,OXYGEN,"Team sports,athletes"
107,Pain Reliever,Personl hx nephrotic syn
108,ageLOC Elements,Anaplastic lymph multip
109,Kroger Moisture SPF 15 Lip Balm,Ab NOS w metab dis-comp
110,ORCHID,Malig melanoma arm
111,Viagra,Cutan leishmanias asian
112,Chromic Chloride,Rheumatic heart failure
113,ShopKo Illuminating Daily Moisturizer Broad Spectrum SPF15 Sunscreen,Irregular menstruation
114,Pleo Nota-Quent,Dysphonia
115,Citalopram,Op skl base fx-deep coma
116,DIGOX,War inj-unconven war NEC
117,Lorazepam,Scanty menstruation
118,MyOxin,Cat-scratch disease
119,SHISEIDO SHEER MATIFYING COMPACT (REFILL),Painful respiration
120,meloxicam,Chr inflam polyneuritis
121,Formadon,Opn brain lacer-mod coma
122,Loratadine D,Mal neo pyriform sinus
123,Epicoccum,Periph T cell lymph head
124,Cefuroxime Axetil,H simplex complicat NOS
125,Allopurinol,Fx astragalus-open
126,Poplar,Cord around neck-antepar
127,Coppertone oil free,Unsocial aggression-mild
128,DIPYRIDAMOLE,Intes infec adenovirus
129,VENTOLIN,Intramural leiomyoma
130,ZOLPIDEM TARTRATE,Snow veh acc-anim rider
131,Neutrogena Nourishing Eye Quad,Precordial pain
132,DiorSkin Nude 020 Beige Praline,Cong absence of ear lobe
133,MediAc,Family dsrpt-death membr
134,AcetaZOLAMIDE,Crushing injury arm NOS
135,Defend Severe Cold and Flu,Cord compress NEC-deliv
136,Myo-Breathe,Accessory auricle
137,QUDEXY,Constrictiv pericarditis
138,Diltiazem Hydrochloride,Acc pois-oth anti-infect
139,Ibuprofen,Prst aura wo inf/ntr/st
140,Ropinirole Hydrochloride,Parapoxvirus infectn NOS
141,Cold and Flu,Myotonia congenita
142,Loperamide Hydrochloride,Adv eff oxazolidin deriv
143,Lidocaine Hydrochloride and Epinephrine,Mal neo fallopian tube
144,Topiramate,TB of bone NEC-unspec
145,VFEND,Esophagus injury-open
146,Mirtazapine,Rec unil fem hern w obst
147,Glumetza,Venous compl NOS-postpar
148,GAMMAGARD LIQUID,Inj posterior tib nerve
149,Tan Foundation SPF 15,Long-term anti-inflamtry
150,Perphenazine,Longitudinal defic tibia
151,Pacnex,Hyperemia of conjunctiva
152,Naturals,Rubella in preg-unspec
153,Tramadol hydrochloride and acetaminophen,Scorpion sting
154,Compro,Headache
155,OXYCODONE HYDROCHLORIDE,Poison-drug/medicin NOS
156,Pramipexole Dihydrochloride,Dementia w Lewy bodies
157,Childrens Mucinex Multi-Symptom Cold,Painful respiration
158,SHISEIDO SUNCARE ULTIMATE,T1-t6 fx-op/ant cord syn
159,Colistimethate,Intermit angl-clos glauc
160,LIQUIDAMBAR STYRACIFLUA POLLEN,Fracture patella-open
161,Restless Leg,Mv board/alight-pers NEC
162,Meclizine Hydrochloride,Chills (without fever)
163,Chlorhexidine Gluconate,Aftrcare path fx arm NOS
164,Nicotine,Mult endo neop type IIA
165,Ciprofloxacin,Surg comp - hypertension
166,Dr. Eslee Physical Sunscreen,Oth rd veh acc-st car
167,Klor-Con M,TB bone/jt NOS-exam unkn
168,Olanzapine,70-79% bdy brn/70-79% 3d
169,Heparin Sodium,Benign neo mouth floor
170,TRIESENCE,Traum arthropathy-up/arm
171,Happy Heart,"Hematocele, female NEC"
172,Lymph,Peritoneal disorder NEC
173,Degree,Ac allergic mucoid OM
174,Lithium,Primary CNS lymph head
175,Deb Med Antimicrobial Foaming Hand Wash Fragrance Free Dye Free,Dyskinesia of esophagus
176,Aspirin,Mal neo carotid body
177,Thermazene,Ftng autmtc dfibrillator
178,Pramipexole dihydrochloride,Benign neoplasm lip
179,Bactimicina for Sore Throat,Pain in limb
180,ampicillin,Inj port/splen vess NEC
181,Creations Garden,Amer flag/touch football
182,Naproxen,Polio osteopathy-mult
183,Dove,Bariatrc surg stat w p/p
184,ELIDEL,Vit A def w corneal scar
185,Valproic Acid,"Senile atrophy, choroid"
186,RUSSIAN THISTLE POLLEN,Attn to artif open NEC
187,Rivastigmine Tartrate,Fire-highly inflam mater
188,CVS Antiseptic Wash,Cyclosporiasis
189,Sore Nipples,Hemophthalmos
190,PASPALUM NOTATUM POLLEN,Adv eff cns stimulnt NEC
191,Face Saver Gel,Fat necrosis of breast
192,ARIXTRA,Uric acid nephrolithias
193,Body Raves Antibacterial Hand Sanitizer - Wild Strawberry,Injury-motor veh crash
194,Olay Blackhead Clearing Scrub,Fx shaft tibia-closed
195,METFORMIN HYDROCHLORIDE,Aircraft acc-parachutist
196,Fludarabine Phosphate,"Fx mult phalan, hand-opn"
197,topiramate,Joint dis NOS-l/leg
198,KIT FOR THE PREPARATION OF TC 99M PYROPHOSPHATE,Nonrheum tricusp val dis
199,Vicks Sinex,Eosinophilia
200,METHADONE HYDROCHLORIDE,Phlebotomus fever
201,TAZORAC,Artif rupt memb-antepart
202,VENTOLIN,Abdmnal mass generalized
203,Glyburide,Heart contusion-closed
204,Allopurinol,Gonococcal conjunctivit
205,Diazepam,Chr pulmon heart dis NOS
206,Cottonseed,Dis amino-acid metab NOS
207,Glytone Acne Facial Masque,Anemia in preg-unspec
208,ESIKA,Acc poison-mushrooms
209,Lansoprazole,Elev transaminase/ldh
210,INCHCO Brand SANI-DERM Antiseptic Hand Wash,60-69% bdy brn/50-59% 3d
211,Smart Sense Adult Tussin DM,Bacteremia of newborn
212,Ailanthus,Multi gestat NEC-unspec
213,BareMinerals Medium Dark matte,Mal neo lat floor mouth
214,MUCOSA DM,Open brain lac-deep coma
215,Alternaria alternata,Supervis normal 1st preg
216,good neighbor pharmacy ibuprofen pm,Syph dissem retinitis
217,Ketoconazole,Rec unil fem hern w obst
218,Stool Softener,Cord compres NEC-antepar
219,Fluconazole,Renal dysplasia
220,"Pollens - Trees, Tree Mix 11",Cl skull fx NEC-coma NOS
221,Cephalexin,Fx lower humerus NEC-cl
222,Hydrochlorothiazide,Hypertrophy of clitoris
223,Zofran,Dentofacial anomaly NEC
224,ACER SACCHARUM POLLEN,Malig neo skin lip NEC
225,Headache,Isolated explosive dis
226,Sprayology Party Relief,Breast abscess preg-unsp
227,Actos,Climact arthritis-ankle
228,NICORETTE,Cong def clot factor NEC
229,Torsemide,Subcorneal pust dermatos
230,Hydrocortisone and Acetic Acid,Reading disorder NEC
231,Perphenazine,Postpartum hem NEC-unsp
232,Amoxicillin and Clavulanate Potassium,Tabes dorsalis
233,ropinirole hydrochloride,Sensorneur hear loss NOS
234,Carvedilol,Med rhomboid glossitis
235,ATORVASTATIN CALCIUM,RR acc w derail-ped cycl
236,Neutrogena,Breast abscess preg-unsp
237,Hyperlyte,Arterial disease NEC
238,ELIXOPHYLLIN,Neonatal conjunctivitis
239,Vitalizer,H. influenzae infect NOS
240,CYBER WHITE,Malignant neo trachea
241,Darby,Sprain sacrotuberous
242,Naproxen Sodium,Vernal conjunctivitis
243,Naproxen,Renal sclerosis NOS
244,ACTIFIRM RECOVERY EMULSION,Radioulnar synostosis
245,VOGELXO,"Lymphangioma, any site"
246,Deferoxamine Mesylate,Coma
247,Liothyronine Sodium,Dacryocystitis NOS
248,Cyproheptadine Hydrochloride,Op skl base fx-deep coma
249,Bassia Pollen,Humoral immunity def NEC
250,Riomet,Group b streptoc carrier
251,NU-DERM SYSTEM NORMAL-OILY,Compl labor NEC-antepart
252,Total Protrector 15,Sat anal smr-no trnsfrm
253,Colcrys,Exceptionally large baby
254,Botrytis,Opn skl fx NEC/menin hem
255,"Air, Compressed",Pelvic organ inj NEC-cl
256,GENTLE REJUVENATION SYSTEM,Actinomycosis NOS
257,Levitra,Acromegaly and gigantism
258,Warfarin Sodium,Cereb degen in child NOS
259,flormar Soft Touch Foundation Sunscreen Broad Spectrum SPF 20 ST03 Natural Pink,Heat effect NOS
260,LUMENE PREMIUM BEAUTY REJUVENATING DAY,Pulmon TB NOS-oth test
261,No7 Beautifully Matte Foundation Sunscreen Broad Spectrum SPF 15 Cool Ivory,Transitory ileus of NB
262,Satin Pink,Noninfl dis ova/adnx NOS
263,"BUTALBITAL, ACETAMINOPHEN, CAFFEINE, AND CODEINE PHOSPHATE",Scoliosis in oth dis
264,PLENDIL,Lichenification
265,ZEA MAYS POLLEN,Arterial embolism NEC
266,Sting Relief Pads,Fx malar/maxillary-close
267,XtraCare Skin Relief Oatmeal Daily Moisturizing,Opn skull/oth fx-concuss
268,Rapamune,Ac DVT/embl low ext NOS
269,Treatment Set TS351201,Chronic dacryoadenitis
270,ACTIVE RESURGENCE TONER,Prsnl hx recur pneumonia
271,Glycopyrrolate,TB epididymis-histo dx
272,Bupropion hydrochloride4b17de,Acute dacryocystitis
273,Insomulex,Ch emblsm veins NEC
274,LEADER RELIEF EYE,Earth moving machine acc
275,Poverty Weed,Crys arthrop NEC-forearm
276,Carvedilol,Encopresis
277,QUALITY CHOICE OMEPRAZOLE,Open brain lac-deep coma
278,DIGOX,Gc (acute) upper gu NOS
279,Methylprednisolone,Noninflam dis vagina NOS
280,O BlancTis,Voyeurism
281,Antispetic,Congen limb anomaly NOS
282,Lotensin HCT,Galactorrhea-nonobstet
283,Ambien CR,Cong pulmon valv atresia
284,Clean and Clear,Implantation cysts
285,Aspen,Mumps complication NEC
286,Paclitaxel,Infer disloc humerus-cl
287,METFORMIN HYDROCHLORIDE,Primary CNS lymph thorax
288,Gadavyt,Other appendicitis
289,Potassium Chloride,Hypersecretion glaucoma
290,Dexamethasone sodium phosphate,Mening in oth nonbac dis
291,Trandolapril and Verapamil Hydrochloride,Opn skul/oth fx-mod coma
292,ropinirole hydrochloride,Syndactyl toe-no fusion
293,Clonidine Hydrochloride,Prim TB pleurisy-unspec
294,"Pollens - Weeds and Garden Plants, Lamb Quarters Chenopodium album",3rd deg burn w loss-eye
295,Cyclobenzaprine Hydrochloride,Hered prog musc dystrphy
296,supernatural airbrushed canvas broad spectrum spf 15 sunscreen,Poison-oxazolidine deriv
297,Emtriva,Aircrft acc NEC-spcrft
298,Naturasil,Legal abort w shock-comp
299,Alcohol Prep Pad,Arthropathy NEC-hand
300,Lidocaine Hydrochloride,Priv dwel fire-accid NOS
301,Glyburide,Joint effusion-forearm
302,AMARANTHUS PALMERI POLLEN,Orthotic training
303,TOPIRAMATE,Hairy-cell leukem abdom
304,Diphenoxylate Hydrochloride and Atropine Sulfate,Absence of menstruation
305,Venlafaxine hydrochloride,Acute uri NOS
306,MedActive Patient Friendly,Prim TB pleuris-oth test
307,Bupropion Hydrochloride,Paresis of accommodation
308,mucus extended release,Gingival recess-moderate
309,Crest 3D White,Pneumonia oth strep
310,Nighttime Sinus,Burn NOS eye
311,Thiothixene,Syphilitic pericarditis
312,Coconut,Opn skl vlt fx-proln com
313,Sulfamethoxazole and Trimethoprim,TB bronchiectasis-unspec
314,Fluconazole,Chr nephritis in oth dis
315,oxygen,Inf mcr rst oth ag nt ml
316,Rabeprazole Sodium,Open skull base fracture
317,MINOXIDIL,Meconium asp w resp symp
318,LEVOXYL,Malig neopl kidney
319,HADDOCK,Adv eff salicylates
320,Ketorolac Tromethamine,Oth/uns inf-cen ven cath
321,Suave,Hodgkins granulom thorax
322,NHS Insomnia 2,Status amput up lmb NOS
323,Blue Gel,DMII hprsm nt st uncntrl
324,Ropinirole Hydrochloride,Mumps complication NEC
325,CVS,Adv eff salicylates
326,Fanapt,Otorrhea NOS
327,Sunmark Nasal Spray,Hx-uterus malignancy NEC
328,METHADONE HYDROCHLORIDE,Instrmnt fail-perfus NEC
329,Terazosin,Undet pois-med agnt NOS
330,pain relief pm,Abn pelv org NEC-postpar
331,MUS MUSCULUS SKIN,Vis path dis w neoplasms
332,care one pain relief,Acute iridocyclitis NOS
333,Coral,Resp obstr-inhal obj NEC
334,REPAGLINIDE,Ocl spcf art w infrct
335,Midazolam,Adv eff cephalosporin
336,Ciprofloxacin,Hodgkins paragran spleen
337,German Cockroach,Peritoneal disorder NEC
338,Amcinonide,Ob perin traum NEC-unsp
339,Prochlorperazine Edisylate,Postconcussion syndrome
340,Quality Choice Muscle and Joint,Acoustic trauma
341,ONDANSETRON,Cholesteatoma NOS
342,Adidas,Conjunctiva pigmentation
343,Ferrum sidereum 20,Locked twins-unspecified
344,Mark 3,Papilledema w decr press
345,Ropinirole Hydrochloride,Open wound penis-compl
346,Isopropyl Alcohol,Bone disorder-postpartum
347,Spartan Antiseptic Hand Cleaner,Family hx-gi malignancy
348,PERTZYE,Hx-epididymis malignancy
349,Antibacterial Hand Soap,Nonwork side interfrnce
350,Anti-Bacterial Deep Cleansing Hand,Jt contracture-mult jts
351,Wheat Smut,Plantar nerve lesion
352,XANTHIUM STRUMARIUM VAR CANADENSE POLLEN,Autonomic dysreflexia
353,Ciclopirox,Lt-date w/mal 750-999g
354,Terazosin Hydrochloride,Ankylosis-upper/arm
355,Anti-Bacterial Hand Spray,Thrush
356,Panrosa Instant Antiseptic Hand Sanitizer With Moisturizers,Great vein anomaly NOS
357,Morphine sulfate,Malig neopl pleura NOS
358,Piperacillin and Tazobactam,Poison-capillary act agt
359,Leader Ibuprofen,Basketball
360,Ipratropium Bromide,Cerebell lacer-deep coma
361,Thicker Fuller Hair - Dandruff Sulfate Free,Toxic effect mushrooms
362,Equaline nighttime cold,Rotator cuff dis NEC
363,CD DIORSKIN STAR Studio Makeup Spectacular Brightening with sunscreen Broad Spectrum SPF30 030,Traff acc NOS-mcycl psgr
364,Loratadine and Pseudoephedrine Sulfate,Batter by non-relative
365,Coconut Lime Anti-Bacterial Hand Sanitizer,Late eff cert ext cause
366,Fluphenazine Hydrochloride,Pois-uric acid metabol
367,CareOne Childrens Pain and Fever,Illeg ab w hemorr-comp
368,ibuprofen,"Individ sports,athletics"
369,Exforge,Lymphoid mal NEC abdom
370,LEVOXYL,Contusion face/scalp/nck
371,Montelukast Sodium,N-traf brd/alight-mocycl
372,verapamil hydrochloride,Acc poisn-metabol agnt
373,pre fense,Reentrant coll-pers NOS
374,AUREOBASIDIUM PULLULANS VAR PULLULANS,Overflow incontinence
375,AcneFree Severe Antibacterial Cleansing Wash,Argyll robertson pupil
376,Orajel,Lack of adequate sleep
377,Dental Plak,Prev matern surg aff NB
378,CICLOPIROX,Oval window fistula
379,Diazepam,Other lung disease NEC
380,Zoledronic acid,Incor dilut infusn fluid
381,C Mold Mixture,Mech prob w internal org
382,Pain Relief Cold,Other postop infection
383,Lithium Carbonate,Hallucinogen dep-contin
384,FLUZONE QUADRIVALENT,Open wound of finger
385,ReCreate Foundation,Intest helminthiasis NOS
386,Johnson Grass,Fx trimalleolar-open
387,Norgestimate and Ethinyl Estradiol,Rupture patellar tendon
388,Warfarin Sodium,Monoart juv rheum arthr
389,Doxazosin mesylate,Filariasis NOS
390,Atenolol,"Pressure ulcer,unstagebl"
391,Povidone-Iodine,Loose body-up/arm
392,Instant Hand Sanitizer,Myotonic chondrodystrphy
393,EXALGO,Joint effusion-forearm
394,Silace,Lower extremity embolism
395,Trazodone Hydrochloride,Fx anat neck humerus-opn
396,Hypothalmus Tincture,Problems with learning
397,Castor Oil,"AMI NEC, subsequent"
398,Jafra Brightening,Bladder exstrophy
399,Tartar control plus,Chr mono leuk w rmsion
400,"Orchard Grass, Standardized",Poisoning-sulfonamides
401,Fosphenytoin Sodium,Old hyperten-deliv w p/p
402,NEUTRACETT,Infect dis NEC-postpart
403,Mountain Cedar,Helminthiasis NEC
404,Irbesartan,Abn electroencephalogram
405,JUNIPERUS VIRGINIANA POLLEN,Ab NOS uncomplicat-inc
406,CACAO BEAN,Cl skull fx NEC w/o coma
407,Western Wheatgrass,Reentrant coll-pedest
408,Amitriptyline Hydrochloride,Maxillary hyperplasia
409,lisinopril,Laboratory exam NEC
410,Nail Active Daytime Anti-fungal,Toxic encephalopathy
411,Protriptyline Hydrochloride,Oth VD chlm trch ans rct
412,TYLENOL,Secondary malig neo bone
413,Lovastatin,Histoplasma duboisii NOS
414,Phentermine Hydrochloride,Chronic cystitis NEC
415,Oxaprozin,Hodgkins sarcoma pelvic
416,Speed Stick,Tk off/land-crew aircrft
417,ADVENTURE MEDICAL KITS 1-2 PERSON NATIONAL SKI PATROL FIRST AID,Screen mal neop-skin
418,Niaspan,Inj pelv org NEC-postpar
419,LBEL,Stenosis ear d/t surgery
420,Direct Effect E-2,Polio osteopathy NEC
421,CIPROFLOXACIN,Desquamatv interst pneu
422,Spironolactone and Hydrochlorothiazide,Circuit training
423,Sleep Aid,Venous compl NEC-deliver
424,Lidocaine Hydrochloride,Abrasion hip & leg
425,Ulta Mandarin Mint Anti-Bacterial Hand Sanitizer,Incontnce wo sensr aware
426,Cold Rub,Mal carcinoid desc colon
427,LIDOCAINE HYDROCHLORIDE,Threat labor NEC-antepar
428,REFRESH TEARS,Trauma compart synd abd
429,CARTEOLOL HYDROCHLORIDE,Adv eff coronary vasodil
430,Pecan Nut,Infect nipple preg-unsp
431,ACTIFIRM RECOVERY EYE,Pois-propionic acid derv
432,BERKELEY AND JENSEN,Sec neuroendo tu-periton
433,Simvastatin,Tubrclma mening-micro dx
434,lamotrigine,Fall from train-ped cycl
435,SHISEIDO RADIANT LIFTING FOUNDATION,Deep 3 deg burn arm NOS
436,Dizziness - Vertigo,Anom corneal size/shape
437,LIDODERM,Pois-gen anesth NEC/NOS
438,Lemon Verbena Hand Sanitizer,Mitral valve dis NEC/NOS
439,Acid Reducer,Mineral deficiency NEC
440,Ribavirin,Subcorneal pust dermatos
441,METHADONE HYDROCHLORIDE,Prolapse of ovary & tube
442,Microban 80,Encntr vocational thrpy
443,Boil Ease,Ocl mlt bi art w infrct
444,Gelato APF,Sec malig neo nerve NEC
445,OXYGEN,Drug depend NEC-unspec
446,Multi-Symptom Cold Relief,Hodg lymph-histio mult
447,Celadrin,2 deg burn fingr w thumb
448,Omeprazole,Disorders of uterus NEC
449,Finasteride,Vitamin D deficiency NOS
450,Naproxen,Ac atopic conjunctivitis
451,sunmark nasal,Crbl thrmbs w infrct
452,Antispetic,Chronic dacryocystitis
453,Antibacterial Foaming Hand Cleanser,Pap smear (ASC-H)
454,Cold and Hot,Trans ischemic deafness
455,Flurox,Aortic atresia/stenosis
456,Bipolaris sorokiniana,Eye anomaly NOS
457,Sodium Fluoride F 18,Chldhd onset flncy disor
458,TETRA-ABC,Postvaricella encephalit
459,Mugwort Sage Pollen,Ob trauma NEC-antepartum
460,Cardinal Health Sanitizer,Non-abo incomp react NOS
461,Nabumetone,Poison-lipotropic drugs
462,Lovastatin,Upper extremity embolism
463,Gelato APF,Fx forearm NOS-open
464,Carvedilol,Lifting machine accident
465,Ciprofloxacin,Gonococcal spondylitis
466,Polarity Plus,Issue of med certif NEC
467,Hemorrhoidal Cooling Gel,Emancipation disorder
468,Colgate,Contact/exp algae bloom
469,Nasel congestion,Illeg ab w embolism-comp
470,Childrens Cold and Allergy,Compl labor NOS-antepart
471,TRAMADOL HYDROCHLORIDE,Exposure to vibration
472,Neutrogena SkiniD Anti Acne Treatment,Artic cartil dis-forearm
473,CALENDULA DIAPER RASH CREAM,Mycobacterial dis NOS
474,Danazol,Congen fusion of spine
475,Dr. Fresh Brush and Cover,Mult gest 2+ monochr NEC
476,Carbon Dioxide-Air Mixture,Pois-coronary vasodilat
477,Drosera Homaccord,Ob inj pelv org NEC-unsp
478,Haloperidol,Exostosis of jaw
479,Tussin DM,Scarlet fever
480,Simvastatin,Dematiacious fungi inf
481,Torsemide,Liveborn NOS-before adm
482,Tyn Mans,Fall-occ unpower aircraf
483,Ciprofloxacin,Senile delirium
484,Flecainide Acetate,Post subcap senile catar
485,Clean Force,Transfsn rel ac lung inj
486,Severe Sinus Congestion and Pain Daytime,Anphylct react food addv
487,Actoplus Met,Acc poison-sedatives NEC
488,SORIATANE,Cubitus valgus
489,DayTime NightTime Sinus Relief,Adrenal gland injury-opn
490,Nicotine,Orthopedic aftercare NEC
491,Allergy Relief,Saddle embolus abd aorta
492,Cephalexin,Implantation cysts
493,Carvedilol,Histoplasmosis pericard
494,Serostim,Schizophrenia NEC-unspec
495,Amitriptyline Hydrochloride,Interpersonal probl NEC
496,Acid Controller,Rectal & anal stenosis
497,Methazolamide,Ulceroglandul tularemia
498,Total Copper,RR coll NOS-pedestrian
499,Sure Invisible Solid Regular,Traum arthropathy-up/arm
500,ORCHID SECRET PACT,Tonic pupillary reaction
501,Synthroid,Emotional dis child NEC
502,Carisoprodol,Attn rem surg dressing
503,Ergocalciferol,Acq absnce genital organ
504,Nesacaine,Inj popliteal vessel NOS
505,SBS UltraGreen,Oth col-stnd-obj-per NOS
506,Head and Shoulders 2in1,Abo incompat react NOS
507,Isosorbide Dinitrate,Lung injury NOS-closed
508,Betamethasone Dipropionate,Smell and taste problem
509,COLLAGEN HD MAKE UP BASE,Undetermin circ-shotgun
510,Ethambutol Hydrochloride,Ac laryngotrach no obstr
511,CYCLOSPORINE,Lack post occlsl support
512,Cold-EEZE,Clavicle fx at birth
513,Dexamethasone,Mening in oth fungal dis
514,No7 Lift and Luminate Foundation Sunscreen Broad Spectrum SPF 15 Wheat,Traum arthropathy-ankle
515,Nicotrol,Pelvic varices
516,Bupropion Hydrochloride,Double pterygium
517,Intervene Radiance Boosting Moisture SPF 15,TB of bronchus-unspec
518,Intelence,2nd degree sunburn
519,Rabbit Epithelium,Visual field defect NOS
520,Alprazolam,Op subarach hem-deep com
521,Mushroom,Acc poisoning-lead
522,ketamine hydrochloride,Parasitic endophthal NOS
523,Clear,Endocarditis in oth dis
524,Diclofenac Sodium,Chronic meningitis
525,TERRACOTTA BRONZING MIST WITH SUNSCREEN SPF 10 02 MEDIUM,Obstetric shock-antepar
526,Tri-Buffered Aspirin,Cannabis abuse-unspec
527,Myfortic,Medical misadventure NEC
528,Metamucil,Surg complication - cns
529,Pork,Recur dislocat-forearm
530,Sleep Aid,Unilat ing hernia w obst
531,ProState Relief,Impairm auditory discrim
532,Blemish Toner,Partial tear rotatr cuff
533,Metoprolol Tartrate and Hydrochlorothiazide,Psychogen cardiovasc dis
534,Venlafaxine Hydrochloride,Superf inj shldr NEC-inf
535,Venlafaxine Hydrochloride,Burn NOS trunk NEC
536,Banana Boat UltraMist Kids Tear Free Lotion SPF 50,3 deg brn w loss-leg NOS
537,Carbocaine,Trigeminal neuralgia
538,Walgreens SunscreenSPF 70,Int inf e coli spcf NEC
539,Triamterene and Hydrochlorothiazide,Radioact isotope exposur
540,Indomethacin,TB limb bones-exam unkn
541,healthy accents ibuprofen,Inclusion body myositis
542,Tinidazole,Cryst arthrop NEC-ankle
543,Etomidate,Otosclerosis NEC
544,Procto-Pak,Poisoning-heroin
545,Propafenone,Cl skl w oth fx-brf coma
546,Prednisone,Osteoarthros NOS-shlder
547,Primidone,Act myel leuk in relapse
548,Flu Tonic,Aniridia
549,Antiseptic,3rd burn w loss-finger
550,OLANZAPINE,Pelvic congestion synd
551,Etodolac,Tuboplasty or vasoplasty
552,Metoprolol Tartrate,Breast dis NEC-antepart
553,SEROQUEL,Screen for filariasis
554,Kiehls Since 1851 Dermatologist Solutions Skin Tone Correcting and Beautifying BB Sunscreen,50-59% bdy brn/3 deg NOS
555,Hydrocodone Bitartrate And Acetaminophen,Contusion shoulder & arm
556,Dove,Prolong 1st stage-antepa
557,Topiramate,Mental problems NEC
558,CANDIDA ALBICANS,Suprv elderly primigrav
559,SERTRALINE HYDROCHLORIDE,Incomptnce pubocerv tiss
560,Extra Strength Backache Relief,Juv rheum arthritis NOS
561,Royal Petroleum (Cocoa Scent),Dis sup actnc porokrtsis
562,Ranitidine,Arthropod infest NEC
563,Lisinopril,Opn wound elbow w tendon
564,Endure 450,Dislocat foot NEC-open
565,CounterAct,Contusion of wrist
566,DR. BABOR DERMA CELLULAR Ultimate Firming Decollete Mask,Stridor
567,Eve Lom Radiance Lift Foundation SPF 15,RR coll NOS-pedestrian
568,SKIN CAVIAR CONCEALER FOUNDATION SUNSCREEN SPF 15 - Honey Beige,Excessive attrition NOS
569,Sulfamethoxazole and Trimethoprim,Cerebell lacer-deep coma
570,equaline pain relief,Ocular pemphigus
571,ALOE SUN BB,Status oth spcf crdc dvc
572,Longleaf Pine,Ot sp hmiplga unspf side
573,Neutrogena Nourishing Eye Quad,Olecranon bursitis
574,Ampicillin Trihydrate,Large cell lymph multip
575,naproxen sodium,Pyoderma gangrenosum
576,TINTED LIP CONDITIONER,React-periton dialy cath
577,Bisacody,Hypotension NEC
578,Nabumetone,Preg compl NOS-delivered
579,Everyday Clean,Peripheral vertigo NOS
580,Topcare DayTime,Convalescence NOS
581,SPASMODIC COUGH,Joint replaced knee
582,Depo-Provera,Musc disuse atrophy NEC
583,Jasmine 3D Moist,Papilledema w decr press
584,Gadavyt,Tuboplasty or vasoplasty
585,Nitrogen,Open wound hand w tendon
586,Intelence,Nephrogen diabetes insip
587,Hydroxychloroquine Sulfate,Leuk NOS w/o achv rmsn
588,CV,Inflamed sbrheic keratos
589,Citalopram Hydrobromide,Streptobacillary fever
590,Exchange Select Calcium Antacid,Adjust react-withdrawal
591,Gesticare DHA,Bone infec NOS-unsp site
592,ZYPREXA,Corneal deposit NOS
593,Timoptic,Gout w manifestation NEC
594,Dog Epithelium,Loss labyrn react unilat
595,Megestrol Acetate,C5-c7 fx-cl/cord inj NEC
596,GIANVI,Inf arthritis NEC-pelvis
597,Acetaminophen,Keratomalacia NOS
598,Miracle of Aloe Rub Roll On,Dicalc phos crys-forearm
599,Assured Instant Hand Sanitizer,Schizo NOS-chr/exacerb
600,Sulfamethoxazole and Trimethoprim,Ac idiopath pericarditis
601,Metoprolol Tartrate,Poison-sedat/hypnotic
602,Perfect Choice,Tetanus
603,Cetirizine Hydrochloride,Urogenital trichomon NOS
604,Leader All Day Allergy,Breast inf NEC-del w p/p
605,SENSAI CELLULAR PERFORMANCE WRINKLE REPAIR COLLAGENERGY,Interstitial myositis
606,CYMBALTA,Sec neuroendo tumor NOS
607,Star of Bethlehem,Issue of med certif NEC
608,Isopropyl Alcohol,Abuse by fther/stpfth/bf
609,Phenylephrine Hydrochloride,Acc poisoning-antimony
610,Dicloxacillin Sodium,Toxic effect strychnine
611,CALC FLUOR,Longitud defic radius
612,CLARINS BB Skin Perfecting Broad Spectrum SPF 25 Sunscreen 03 Dark,Osteoarthros NOS-ankle
613,SHISEIDO ADVANCED HYDRO-LIQUID COMPACT (REFILL),Chronic laryngitis
614,No7 Stay Perfect Foundation Sunscreen SPF 15 Mocha,Bipol I curr dep w/o psy
615,Navane,T7-t12 spin cord inj NEC
616,TopCare Heartburn Relief,Ath ext ntv at w rst pn
617,Mapap,Cong abn uter preg-unsp
618,ziprasidone hydrochloride,Disease of nail NOS
619,Pain Relief PM,Estrogen recep neg stat
620,Cyclobenzaprine Hydrochloride,Narclpsy w/o cat oth dis
621,SENSORCAINE,Oth spcf hypoglycemia
622,Safe Harbor - Natural Anti-Aging Sunscreen Broad Spectrum SPF30 Sunscreen Sensitive Skin,Incipient cataract
623,Baclofen,War inj:fragments NEC
624,Salsalate,Venous compl NEC-deliver
625,Baclofen,Nail anomalies NEC
626,Octreotide Acetate,Contracept surveill NOS
627,TRAZODONE HYDROCHLORIDE,Opn skul vlt fx w/o coma
628,TYLENOL with Codeine,Hodgkins granulom pelvic
629,Nitrous Oxide,Ob trauma NOS-del w p/p
630,HEPAR SULPHURIS CALCAREUM,Diaphragmatic hernia
631,Venlafaxine,DMI oth nt st uncntrld
632,EO HAND SANITIZER,Cl skl vlt fx/br inj NEC
633,Regemarine,Ridden anim acc-pers NEC
634,Acetylcysteine,Matern urine dis aff NB
635,rx act anti diarrheal,Loc prim osteoart-l/leg
636,CVS Antibacterial Foaming,Kidney disruption-closed
637,Facilipro,Swelling of limb
638,oxaprozin,Insomn w sleep apnea NOS
639,Morphine Sulfate,Fm hx endo/metab dis NEC
640,Simvastatin,Hx-other food allergy
641,Diltiazem Hydrochloride,Fall from train-pers NEC
642,Lyrica,Optic atrph w retin dyst
643,Sildenafil,Mixed lymphosarc abdom
644,BencoCaine Topical Anesthetic,Fx femoral condyle-open
645,Lisa Frank Bubblegum Antiseptic Hand Cleansing,Histoplasma duboisii NOS
646,Acne Treatment,Cent retinal vein occlus
647,naproxen sodium,Traum arthropath-forearm
648,Kerasal PF-10,Ac polio NOS-type 1
649,SHISEIDO SHEER AND PERFECT COMPACT (REFILL),Candidiasis of lung
650,"Timothy, Standardized",Idio hypersom-no lng slp
651,Morphine Sulfate,Hodgkins mix cell inguin
652,Torsemide,Latent nystagmus
653,Montelukast Sodium,Poisoning-analeptics
654,SINGULAIR,Abn cardiovasc study NEC
655,Assured,Arthropod infest NEC
656,Tiazac Extended Release,Acc poisn-metabol agnt
657,Brotapp PE-DM Cough and Cold Liquid,Secondary syph skin
658,Promethazine Hydrochloride,Alcohol withdrawal
659,DEXEDRINE,Nontraum comp syn-up ext
660,ROCKY MOUNTAIN JUNIPER POLLEN,Mal mastocytosis inguin
661,Purell Sanitizing Hand Wipes,Fit/adj non-vsc cath NEC
662,Clindamycin Hydrochloride,Sleep disturbances NEC
663,Lyrica,Malign neopl clitoris
664,SyReflux,Dissociated nystagmus
665,Ciclopirox,Fetal mal 1250-1499g
666,equaline childrens pain and fever,Mlg mast unsp xtrndl org
667,all day relief,Osteomyelitis NOS-ankle
668,Everyday Face and body Broad Spectrum SPF 30,Dislocat sacrum-open
669,Biospec,Oth vehicle acc NEC
670,NITROGEN,Adv eff uric acid metab
671,triamcinolone acetonide,Adv eff ovarian hormones
672,Saline,Op skl fx NEC/br inj NEC
673,DG BODY,Primary iridocyclitis
674,Octreotide Acetate,Abn auditory percept NOS
675,Glytone Clarifying SunVanish with Sunscreen,RR acc NEC-ped cyclist
676,Canasa,NB interstit emphysema
677,"Butalbital, Acetaminophen and Caffeine",Suppur otitis media NOS
678,Phenylephrine Hydrochloride,Epilep NOS w/o intr epil
679,LISINOPRIL AND HYDROCHLOROTHIAZIDE,Mv coll w obj-ped cycl
680,Klor-Con,TB laryngitis-exam unkn
681,Oxcarbazepine,Sec hyprprthyrd nonrenal
682,CVS Oral Anesthetic,Conjunctival deposits
683,California Black Oak,Sprain shoulder/arm NOS
684,SELZENTRY,Sezary's disease axilla
685,Fentanyl,Brain death
686,Isopropyl alcohol Swabsticks,Amputation finger
687,Tranexamic Acid,Macular puckering
688,Hand Sanitizer,Undet circ-military arms
689,Rompe Pecho,Blister foot & toe-infec
690,Golden Fair Foundation SPF 15,Congenital heart block
691,Ban,"Trachoma, active stage"
692,Lithium Carbonate,3rd burn w loss-shoulder
693,4 SURE Plus E3 Instant Foam Hand Sanitizer,"BMI less than 19,adult"
694,Sore Throat,Oth coll stn obj-ped cyc
695,Loratadine,Colostomy status
696,MUCUS RELIEF DM,Acc poison-meat
697,Nevanac,Embryon cyst fem gen NEC
698,Mycophenolate Mofetil,Anaph react d/t ot serum
699,LODOSYN,Anomalies of lens shape
700,LEADER Triple Antibiotic,Foreign body head
701,RISPERIDONE,3rd deg burn hand NOS
702,AZITHROMYCIN,Ac allergic mucoid OM
703,Peach,Septal closure anom NOS
704,Cyclafem 7/7/7,W/crf stair fall-per NEC
705,Remedy Antimicrobial Cleanser,Oth col-stnd-obj-per NOS
706,Miconazole 3,Antidepress abuse-contin
707,Eczema,Chagas dis of oth organ
708,ARRID EXTRA DRY,Chr stom ulc hem/perf-ob
709,ACT Anticavity Fluoride Mint,Dis copper metabolism
710,Lithium Carbonate,Weaning from respirator
711,Glyburide and Metformin Hydrochloride,Inversion of uterus-unsp
712,Hydralazine Hydrochloride,Medulloadrenal hyperfunc
713,Head and Shoulders,Retain organic frag NEC
714,AcneFree Clear Skin Treatments,Assault-poisoning NOS
715,Eye Wash,Infection of kidney NOS
716,RANITIDINE,Unc behav neo pineal
717,Trazodone Hydrochloride,Acute iridocyclitis NOS
718,Levothyroxine sodium,Glanders
719,CHAETOMIUM GLOBOSUM,Deep 3rd deg burn ear
720,Sulwhasoo Lumitouch Base,Adv eff gamma globulin
721,Alendronate Sodium,Cl skul/oth fx-deep coma
722,Bambusa Rhus,Cystitis in oth dis
723,Rolaids Ultra Strength- Mint,War inj:WMD NOS
724,clindamycin phosphate and benzoyl peroxide,Acc poison-tear gas
725,Etodolac,SIRS-noninf w ac org dys
726,Gabapentin,Caregiving-bathing
727,Sertraline Hydrochloride,Adjustment reaction NEC
728,nite time,Ac margin ulc w hem/perf
729,Latanoprost,"Fx humer, lat condyl-opn"
730,Sertraline Hydrochloride,Intest helminthiasis NEC
731,alcohol,Fx cuboid-closed
732,Nystatin,Mixed malaria
733,Leg Cramp Relief,Cl skull fx NEC-coma NOS
734,Brace Relief,Benign neo carotid body
735,Degree,Sprain of sacrum
736,Levothyroxine Sodium,Simpl schizophren-subchr
737,Kroger,Neonat jaund in oth dis
738,Inflammation,Status oth spcf crdc dvc
739,Mr Dudleys Topical Pain Relief,Abn reac-organ rem NEC
740,SODIUM SULFACETAMIDE and SULFUR,Triplet gest 2+ monoamn
741,Acella Antipyrine and Benzocaine Otic,Emotional lability
742,Digoxin,Recur dislocat-up/arm
743,ZYRTEC-D,Ac peptic ulcer NOS-obst
744,GOONGSECRET BABY SUN,Opn skull fx NEC-concuss
745,Hemorrhoidal,Dorsal root injury
746,Acid Free-Flux,Puerp compl NOS-unspec
747,Gas Relief,Opn skull/oth fx-concuss
748,Gelato Neutral pH,Cl skl base fx-prol coma
749,Methocarbamol,War inj:con warfare NOS
750,ZINACEF,Deliver-single stillborn
751,AIM Whitening,Ant disloc hip NEC-clos
752,PHENADOZ,Ch emblsm subclav veins
753,PureLife APF,Prim TB pleurisy-cult dx
754,Fentanyl Citrate,Pupillary margin degen
755,FERRUM PHOSPHATE,Anoxic brain damage
756,Topcare Mucus Relief,3rd deg burn back
757,Amlodipine besylate/atorvastatin calcium,Renal vein thrombosis
758,Varibar Thin Liquid,General medical exam NEC
759,Head and Shoulders,Fracture one rib-closed
760,Multivitamin with fluoride,Third-stage hem-unspec
761,Cyclobenzaprine Hydrochloride,Straining on urination
762,Piperacillin and Tazobactam,Anal or rectal pain
763,PF ANTI-BACTERIAL HAND SANITIZING WIPES,2nd deg burn thigh
764,cold and cough,Batter by other relative
765,Extra Strength Pain Relief,Injury cranial nerve NOS
766,POTASSIUM CHLORIDE,Status amput below knee
767,NBE Citrus,Mth sus Stph aur els/NOS
768,CITY BASE COMPACT FOUNDATION,Mal neo skin low lmb NEC
769,Sepia comp.,Health exam-pop survey
770,AVODART,"AMI inferior wall, init"
771,ANTIBACTERIAL MINI WIPES Fresh Aloe,Opn skl/oth fx-deep coma
772,LEADER Chest Congestion Relief,Adjust disor/dis conduct
773,Promethazine Hydrochloride,Traumatic anuria
774,LBEL divine lip gloss SPF 15,Corneal grft malfunction
775,Wal-Zyr,"Ski,snow brd,sled,tobagn"
776,ondansetron hydrochloride,Trichiasis w/o entropion
777,Childrens Appetite Weight,Chron kidney dis stage V
778,Ondansetron Hydrochloride,Tear lat menisc knee-cur
779,Toxodetox,TB lung nodular-oth test
780,CRESTOR,Aseptic necrosis talus
781,Good Sense Nicotine,Abn ftl hrt rate/rhy-del
782,good sense cold remedy,Unspf acq deformity head
783,Listerine Essential Care,Unc behav neo pineal
784,NARS FOUNDATION,Open wnd ear drum-compl
785,Methocarbamol,Pseudoexfoliat glaucoma
786,Carvedilol,NB hypoxia
787,Tapioca,Villonod synovit-mult jt
788,Phosphorus comp.,Fourth nerve palsy
789,Metolazone,Disc degeneration NOS
790,Ibuprofen,Coronary artery anomaly
791,Equisteum Iris Rash Relief,Amphetamine abuse-unspec
792,Hydralazine Hydrochloride,Chr maxillary sinusitis
793,Amitriptyline Hydrochloride,Sezary's disease inguin
794,Polyethylene Glycol 3350,Opn skl/oth fx-deep coma
795,INSTANT HAND SANITIZER,Ankylosis-mult joints
796,Clonazepam,Reticulosarcoma abdom
797,Stool Softener,Abscess of thymus
798,risperidone,Adv eff antibiotic NOS
799,Good Neighbor Pharmacy loratadine d,Stomatits & mucosits NEC
800,Topiramate,Comb endocr dysfunct NEC
801,NiteTime,Preg compl NEC-del w p/p
802,Levofloxacin,Spondylos NOS w/o myelop
803,Sumatriptan,Neurohypophysis dis NEC
804,Sulindac,Thyrotox-ect nod w cris
805,Sulfasalazine,Margin zone lym inguin
806,Dove IS Fresh,Status autm crd dfbrltr
807,Metronidazole,Hearing conservatn/trtmt
808,TRIP-PSE,Congenital hiatus hernia
809,Anti-Bacterial Hand,Joint dis NOS-oth jt
810,amlodipine besylate,Lymphocytopenia
811,Haemonetics Additive Solution Formula 3 (AS-3),Obstetric shock-unspec
812,Vinorelbine tartrate,TMJ disorders NOS
813,Medline Alcohol Prep,Late eff viral encephal
814,HAND SANITIZER,Asy bacteruria-del w p/p
815,Neutrogena Healthy Skin Compact Makeup,Abn cardiovasc study NOS
816,Envirotox,Bipol I sing-sev w/o psy
817,Xopenex,Mal neo ventral tongue
818,Venoforce,Implantation cysts
819,Extra Strength Acetaminophen,Hemarthrosis-jt NEC
820,Methyldopa,Screen mal neop-rectum
821,DIGOX,Spina bifida
822,Amoxicillin,Mult ges w fet loss-ante
823,SEROQUEL,REM sleep behavior dis
824,CHERRY,W/crf stair fall-docker
825,GABITRIL,Frontal lobe syndrome
826,PERFECTION LUMIERE,Hemicrania continua
827,VITACILINA Bebe Diaper Rash,Acute periodontitis
828,Sodium Polystyrene Sulfonate,Sup glenoid labrm lesion
829,Athletes Foot,3rd deg burn palm
830,Kendall Antifungal,Poisoning-cholera vaccin
831,Zicam,Degeneration of eye NOS
832,Australian Gold,Burn NOS hand-unspec
833,BERRY BABY LIP BALM RED BERRY,Mal neo GI tract ill-def
834,Milk of Magnesia,Agoraphobia w panic dis
835,Covergirl Queen Collection All Day Flawless 3in1 Foundation,Stenosis of larynx
836,Dawn,Anesth compl NOS-deliver
837,Antibacterial Hand,Adenoviral meningitis
838,Mercaptopurine,Sprain iliofemoral
839,White Tetterine,Electr power generat acc
840,GAP Favorite Lip Balm,Forcep deliv NOS-deliver
841,Naturasil,Chromoblastomycosis
842,Spironolactone and Hydrochlorothiazide,Abrasion forearm-infect
843,Ondansetron,Human herpesvir 6 enceph
844,Peepsing,Galactorrhea-nonobstet
845,Alprazolam,Abn glucose toler-deliv
846,THE HISTORY OF WHOO GONGJINHYANG SEOL WHITENING SUN,Corneal dsdr contct lens
847,Lidocaine Hydrochloride,"Pressure ulcer, upr back"
848,Phylorinol,Nonpyogen thrombos sinus
849,Diltiazem Hydrochloride,Fem genetic test dis car
850,VITAL HP,Pyogen arthritis NEC
851,Cepacol Sensations,Pap smear vagina w HGSIL
852,Venlafaxine Hydrochloride,Dsct of thoracoabd aorta
853,Lidocaine Hydrochloride,Underweight
854,Pain Relief,Convergence excess
855,Methylphenidate Hydrochloride,Tubal/broad lig anom NOS
856,Dexamethasone Sodium Phosphate,Toxic effect benzene
857,shoprite acetaminophen,Symbolic dysfunction NEC
858,Jakemans Blueberry,Inj post tibial artery
859,Poly-Vent DM,RR collision NOS-employ
860,Tussin DM,Iatrogenic pneumothorax
861,Warfarin Sodium,Scrn risk preterm labor
862,BuPROPion Hydrochloride,TB fem gen NEC-exam unkn
863,Dicyclomine Hydrochloride,Ridden anim acc-pers NOS
864,kids cold,Keratoconjunctivitis NOS
865,Cattle Hair,Sprain sternoclavicular
866,All Day Moisturizing,Preterm infant NEC wtNOS
867,GELSEMIUM SEMPERVIRENS,C1-c4 fx-cl/ant cord syn
868,Be gone Smoking,Forearm deformity NOS
869,Ketoconazole,Edema of larynx
870,Vinorelbine,Open wnd forearm w tendn
871,Prunus Iron,Trnspl status-intestines
872,DAILY MOISTURIZING,Small intest inj NOS-opn
873,Medi Stem Collagen Ampoule,Clothing fire NOS
874,Multi Vitamin with Fluoride,Psychophysic visual dist
875,Phenytek,Thalassemia minor
876,Clindamycin Hydrochloride,Pap smear anus w LGSIL
877,Sotalol Hydrochloride,Brain hem opn w/o coma
878,NARS FOUNDATION,Insect bite hip & leg
879,Hot Spot,Renal failure NOS
880,Vancomycin Hydrochloride,Fx shaft forearm NOS-opn
881,BareMinerals Medium Dark matte,Abdmnal rgdt epigastric
882,Sertraline Hydrochloride,Leprosy NEC
883,"Acetaminophen, Diphenhydramine Hydrochloride, Phenylephrine Hydrochloride",Open brain inj-coma NOS
884,Instant Hand Sanitizer - Ice Clear,Hx traumatc brain injury
885,Didanosine,Opn skl vlt fx/menin hem
886,equate hydrocortisone,Stress incontinence male
887,Sprintec,Mgrn w aura w ntrc mgrn
888,Midwest Regional Allergies,Compl labor NEC-antepart
889,Leaf Tobacco,Arthropathy NOS-ankle
890,Bad Dream Sprinkles,Oth mal neo skn site NEC
891,Eight Hour Cream Nourishing Lip Balm SPF 20,Chr marginal ulcer NOS
892,ALPHA SH,Demen NOS w/o behv dstrb
893,PROLONG 101,Pancreatic steatorrhea
894,Lunesta,Superf inj hand NEC-inf
895,Allergy Relief,Roseola infantum NOS
896,Benazepril Hydrochloride and Hydrochlorothiazide,Contusion of elbow
897,BD E-Z Scrub,"Chylocele, tunic vaginal"
898,CitraNatal Assure,Congen CV dis-postpartum
899,Terbinafine Hydrochloride,Spon abor w pelv inf-inc
900,Nasal Decongestant PE,Opn wnd lary w trac-comp
901,Synthroid,Gastric diverticulum
902,INDOCIN,Cl skl vlt fx-proln coma
903,Headache,Excess cry infant/baby
904,ziprasidone hydrochloride,Aircrft acc NEC-crew
905,Givenchy Photo Perfexion Fluid Foundation SPF 20 106 Perfect Pecan,Hx of irradiation
906,Aller Balance,Orthopoxvirus infect NEC
907,Childrens,Sebaceous gland dis NEC
908,Ocean Potion Instant Dry 50 Dab-On Spotstick,Aircrft acc NEC-pasngr
909,Eve Lom Radiance Lift Foundation SPF 15,Illg ab w compl NEC-unsp
910,ANXIETY/STRESS RELIEF,Second syphilis relapse
911,EQUALINE,Abdmnal rgdt rt upr quad
912,Nitrogen,Swimming
913,Transderm Scop,Ca in situ resp sys NEC
914,Justice Grape Scent ANTI BAC HAND SANITIZER,Ch mgr wo ara w nt wo st
915,Viagra,Bipol I single manc-mild
916,Risperidone,Cystoid macular degen
917,Ranitidine Hydrochloride,Infect nipple preg-unsp
918,Safe Harbor - Natural Sunscreen Face and Neck Cream Broad Spectrum SPF40 Sunscreen,Ben neo bones ankle/foot
919,Atenolol,War inj:expl mine-cease
920,Pantoprazole Sodium,Injury renal artery
921,HYDROCODONE BITARTRATE AND ACETAMINOPHEN,Anesth compl-antepartum
922,esika MEN Control Fresh Deodorant and Antiperspirant,Hx-analgesic allergy
923,PredniSONE,Mechanical prob w limbs
924,LBEL FILLING EFFECT FOUNDATION SPF 10,Ac endocardit in oth dis
925,BRIGHT EYE VITALIZER,Other jaw asymmetry
926,XtraCare Vaporizing Chest Rub,Inj optic nerv/path NOS
927,NHS Spasms Weakness,Gonococcal conjunctivit
928,PANCRELIPASE,Lt eff nerv inj pelv/leg
929,Evoxac,Pois-autonomic agent NOS
930,smilecare,Fracture patella-closed
931,Docetaxel,Lacrimal mucocele
932,Nasal Decongestant PE,Thyrotox orig NEC w cris
933,Calamine,Effect air pressure NEC
934,FRAICHEUR VERVEINE ANTIPERSPIRANT AND DEODORANT ROLL-ON,3rd deg burn w loss-chin
935,EVOCLIN,Merkel cell ca-low limb
936,Banana Boat Sport SPF 30,Gastroduodenal dis NOS
937,Losartan Potassium,Acc poisn-tranquilzr NOS
938,Multi Vitamin Infusion Adult,Fall-crew comm aircraft
939,Carisoprodol,TB of joint NEC-micro dx
940,Mucinex Sinus-Max,Dermatophytosis of foot
941,Vital-FL,Toxic cataract
942,Dendracin Neurodendraxcin,Malig neo exocervix
943,Hydrocortisone,Bariatric surg stat-del
944,Electrolyte Plus,Scrn fetal anatmc survey
945,Chlorpromazine hydrochloride,2nd deg burn ear
946,Vichy Laboratoires Normaderm Daily Gentle Cleanser,Opn skl base fx-coma NOS
947,Selsun Blue Moisturizing,Abn findings-semen
948,Povidone-Iodine,Ben neo soft tis thorax
949,Metoprolol Tartrate,Burn NOS upper arm
950,La Vaquita New Regular,Breathing exercises
951,Ciprofloxacin,Late effect leg fx
952,Laneige sliding pact EX,Cor ath bypass graft NOS
953,RAMIPRIL,Aircrft acc NOS-pers NEC
954,Topex,Adv eff psychotropic NOS
955,Lorazepam,TB urinary NEC-exam unkn
956,NUCYNTA,Detrusr sphinc dyssnrgia
957,Prepidil,Cortex contus-deep coma
958,Slim,Genetic suscept dis NEC
959,Infectistat,Opn skul fx NEC-brf coma
960,Zenzedi,1st deg burn hand NOS
961,AMOXICILLIN,Stenosis of larynx
962,Betamethasone Valerate,Screen mal neop oth site
963,ORIGINAL POWER WHITENING AND LINELESS AMPOULE,Fx condyl proc mandib-cl
964,Prep Solution,Glauc resid-ster induced
965,Penicillin V Potassium,Tricuspid valve disease
966,Cyclobenzaprine Hydrochloride,Ac myocardit in oth dis
967,BAMBOO SALT Eunganggo Jook Yeom Toothpaste,Late eff complic trauma
968,Enteric Coated Aspirin,"BMI,pediatric <5%"
969,CPDA-1,Acid burn cornea/conjunc
970,Loratadine,Pyrophosph cryst-pelvis
971,BENZTROPINE MESYLATE,Dermatomycoses NEC
972,Acid Reducer,80-89% bdy brn/30-39% 3d
973,Rx Act Tussin Chest Congestion,Somatization disorder
974,Nicotine,Prob-head/neck/trunk NOS
975,Danazol,Priv dwel fire-fumes NOS
976,Neutrogena Healthy Skin Makeup,Hypotony w eye dis NEC
977,Sulfamethoxazole and Trimethoprim,Undetrmine accid-air gun
978,Topcare Nicotine,Plasmacytosis
979,Arnica Aurum 20/30,Acc poisoning-mercury
980,Amlodipine Besylate,Impulse control dis NOS
981,LBEL HYDRATESS,Disorders labyrinth NEC
982,Gabapentin,"Old magnet fb, eye NEC"
983,Topcare Day Time Cold and Flu,Fracture of pubis-open
984,Reglan,Ac embl subclav veins
985,Flumazenil,Malignant neo palate NOS
986,METFORMIN HYDROCHLORIDE,Disorder of thyroid NOS
987,SENEXON-S,Screen-respir cond NEC
988,Labetalol Hydrochloride,Electrolyt/fluid dis NEC
989,CLARINS Extra-Comfort Broad Spectrum SPF 15 Sunscreen Tint 112,Malign neopl urethra
990,Trichoderma harzianam,Malign neopl ureter
991,Lucky,Bdy brn < 10%/3d deg NOS
992,Ceftriaxone Sodium,Deep 3rd deg burn toe
993,Losartan Potassium and Hydrochlorothiazide,Effects of thirst
994,Trichophyton schoenleinii,Villonod synovit-shlder
995,APATITE PROFESSIONAL,Alpha thalassemia
996,Dallergy DROPS,Pylorospasm
997,Enalapril Maleate and Hydrochlorothiazide,Malig neo lower gum
998,Potassium Chloride,N-traf brd/alit-ped cycl
999,Follistim AQ,Monoart juv rheum arthr
1000,Levetiracetam,Hordeolum internum
