certification_id,employee_id,certification_name,certification_date,expiration_date,training_provider,training_comments
1,1,Madlin Agirre,2/16/2024,8/7/2030,Sawyere de Lloyd,aliquam quis turpis eget
2,2,Rickey Goodwell,6/5/2024,1/6/2030,Kerrill Bertelsen,vel lectus in quam
3,3,Cesar Michurin,7/20/2024,6/30/2030,Cherri MacGuffie,maecenas tristique est et
4,4,Gale Smiths,9/4/2024,2/13/2030,Vanna Blum,posuere cubilia curae duis faucibus
5,5,Hester MacDuffie,11/17/2024,9/17/2030,Angelle Jagiela,justo lacinia eget tincidunt eget
6,6,Melodie Fairclough,4/15/2024,8/27/2030,Fulton Bozworth,venenatis turpis enim blandit
7,7,Blanch Popplewell,7/9/2024,12/22/2030,Taite Barszczewski,sed lacus morbi sem
8,8,Kathleen Dionis,8/28/2024,12/12/2030,Toinette Antczak,nullam porttitor lacus at turpis
9,9,Terrell Aymes,9/16/2024,6/20/2030,Bliss Magwood,libero nam dui proin
10,10,Jasmin Wemes,9/23/2024,5/14/2030,Matthew Tattershaw,lorem quisque ut erat curabitur
11,11,Berget O'Towey,5/10/2024,9/3/2030,Gerrie Trewinnard,vestibulum sagittis sapien cum
12,12,Milly Canfer,2/4/2024,12/18/2030,Billie Stroulger,leo pellentesque ultrices
13,13,Audie Richarson,1/26/2024,2/5/2030,Breanne Grimstead,lacus purus aliquet at
14,14,Mona Lampard,5/3/2024,12/30/2030,Curt Curley,quam pede lobortis ligula
15,15,Orelle Hadley,5/31/2024,1/28/2030,Philbert Lago,sapien in sapien
16,16,Hesther Goodnow,2/16/2024,9/12/2030,Giacopo Mirfin,vehicula consequat morbi
17,17,Rivy Nathan,8/23/2024,11/19/2030,Jodi Yaxley,magna ac consequat metus sapien
18,18,Brinn Desquesnes,2/3/2024,4/1/2030,Gregory Monkhouse,praesent blandit nam nulla
19,19,Barbaraanne Derisley,4/19/2024,1/22/2030,Liliane McBrearty,turpis adipiscing lorem
20,20,Nanci Service,12/4/2024,3/26/2030,Cassie Elks,sapien dignissim vestibulum
21,21,Antonietta Bissell,2/5/2024,11/26/2030,Allayne Aizkovitch,fusce lacus purus aliquet
22,22,Darb Cowope,12/2/2024,6/6/2030,Glenn Yewen,pellentesque eget nunc
23,23,Concordia Scammonden,9/23/2024,2/9/2030,Zonnya Orans,ut odio cras
24,24,Thomasin Arnley,8/1/2024,5/16/2030,Susie Simony,platea dictumst morbi
25,25,Poul Tzuker,3/10/2024,9/15/2030,Jenda McIntee,congue eget semper rutrum
26,26,Shelli Meas,2/5/2024,1/24/2030,Amalle Pentin,eget eros elementum pellentesque
27,27,Robbin Haggath,10/22/2024,5/27/2030,Everard Engley,consequat ut nulla
28,28,Sarine Vannozzii,3/2/2024,5/5/2030,Zaccaria Souch,tortor quis turpis sed ante
29,29,Gerick Wilstead,6/30/2024,10/26/2030,Patrice Bailles,rhoncus mauris enim leo
30,30,Suzie Saenz,6/24/2024,9/4/2030,Ruby Stoakes,sapien ut nunc
31,31,Morgan Utton,10/18/2024,3/10/2030,Virgie Hofler,sagittis dui vel nisl duis
32,32,Jodi Angove,7/6/2024,10/25/2030,Wald Verheijden,bibendum felis sed interdum
33,33,Janette Eddy,6/3/2024,11/1/2030,Kienan Klugman,massa id nisl venenatis lacinia
34,34,Burl Greenside,10/28/2024,4/10/2030,Saunders Clarke-Williams,rhoncus mauris enim
35,35,Kirsten Farndell,12/19/2024,8/26/2030,Diane Hughson,nisi venenatis tristique fusce congue
36,36,Courtnay Willshaw,4/26/2024,2/2/2030,Candide McCaffrey,dictumst aliquam augue
37,37,Marie Frankel,11/24/2024,5/29/2030,Marena Studd,molestie lorem quisque
38,38,Ingaberg Vines,6/13/2024,5/5/2030,Natalina Ivashintsov,id massa id nisl
39,39,Erminia Grandison,4/23/2024,6/12/2030,Leif Tottie,vel accumsan tellus nisi eu
40,40,August Silson,9/28/2024,1/9/2030,Dalila Reede,sed accumsan felis ut
41,41,Lowrance Olivetti,10/9/2024,9/20/2030,Manuel Gilliver,sodales scelerisque mauris sit
42,42,Gerardo Mount,2/4/2024,11/10/2030,Homer Bogie,duis faucibus accumsan odio curabitur
43,43,Lotty Lindup,11/4/2024,8/28/2030,Friedrick Managh,tristique fusce congue diam id
44,44,Edd Gregersen,7/5/2024,11/23/2030,Teddy Greenman,justo nec condimentum neque sapien
45,45,Dolly Gilffillan,5/7/2024,9/4/2030,Jonas Toghill,luctus ultricies eu
46,46,Gasparo Roseborough,10/27/2024,1/12/2030,Elspeth Skeen,integer ac neque
47,47,Cecile Celli,5/14/2024,7/2/2030,Rab Brobak,dolor quis odio consequat varius
48,48,Vito Pleasants,12/26/2024,1/20/2030,Philbert McMorland,ultrices posuere cubilia curae donec
49,49,Brunhilda Gilbane,2/12/2024,5/20/2030,Felicio Lope,maecenas leo odio
50,50,Durward Pegg,4/19/2024,6/2/2030,Onida Canero,faucibus accumsan odio curabitur convallis
51,51,Audie Dolan,1/13/2024,1/18/2030,Owen Spores,tellus semper interdum mauris
52,52,Stephi Rheubottom,2/29/2024,6/21/2030,Alfy Cockren,sapien varius ut blandit non
53,53,Shayna Boichat,1/25/2024,5/25/2030,Lee McElroy,fermentum justo nec condimentum neque
54,54,Franklyn Kemmer,9/14/2024,12/8/2030,Ringo Corwood,volutpat convallis morbi odio
55,55,Isabelle Headland,3/26/2024,9/27/2030,Alie Rallin,morbi sem mauris laoreet
56,56,Hedvige Synke,1/4/2024,3/25/2030,Errol Rothera,at nunc commodo
57,57,Lydie MacLleese,2/27/2024,4/9/2030,Dall Josskovitz,eget massa tempor convallis
58,58,Danita Dowdeswell,2/14/2024,8/22/2030,Glenden Bellow,mattis pulvinar nulla
59,59,Francois Ennion,12/25/2024,9/21/2030,Gwennie Paschek,eu nibh quisque
60,60,Horace Hartrick,6/26/2024,1/24/2030,Homere LAbbet,semper sapien a
61,61,Caleb Grumbridge,4/27/2024,4/23/2030,Cacilie Steane,integer pede justo lacinia
62,62,Harland Ridett,6/25/2024,5/5/2030,Blondell Constance,semper porta volutpat quam pede
63,63,Calli Freckleton,8/19/2024,2/17/2030,Joelly St. Ledger,convallis eget eleifend luctus ultricies
64,64,Richy Petyt,11/15/2024,7/15/2030,Caesar Feek,vel augue vestibulum rutrum
65,65,Julee Fellow,5/1/2024,12/12/2030,Lina Maes,pulvinar lobortis est
66,66,Georgena Brennans,1/23/2024,11/3/2030,Garrek Ellicock,morbi non quam nec
67,67,Grazia Antony,7/11/2024,1/16/2030,Almeda Moulden,hac habitasse platea
68,68,Ynez Fotherby,2/4/2024,8/12/2030,Jena Rabbitt,vel augue vestibulum ante
69,69,Norean Bullimore,12/12/2024,4/19/2030,Mireielle Regglar,quam a odio in hac
70,70,Marcelia Goding,9/2/2024,6/30/2030,Hardy Dennes,at nibh in
71,71,Joeann Roocroft,9/22/2024,8/12/2030,Martynne Dudman,ipsum dolor sit
72,72,Aurilia Brydie,1/17/2024,12/23/2030,Lynn Emmert,et ultrices posuere cubilia curae
73,73,Celinda Hentzeler,7/28/2024,3/31/2030,Rivy Buckston,posuere cubilia curae nulla
74,74,Joice Bellerby,10/3/2024,1/30/2030,Lesley Proswell,ac consequat metus sapien ut
75,75,Ugo Berriman,2/29/2024,12/13/2030,Devlin O'Hare,a ipsum integer a
76,76,Crosby Dionsetti,6/15/2024,5/10/2030,Gleda Pedracci,dui vel nisl duis ac
77,77,Claiborne Chucks,8/4/2024,8/6/2030,Livvy Takle,amet eros suspendisse accumsan tortor
78,78,Karina Besset,6/14/2024,11/24/2030,Harland Surfleet,rutrum ac lobortis
79,79,Emmi Gabbitas,1/31/2024,3/20/2030,Abramo Kennon,vel nisl duis ac
80,80,Flossy Trumble,8/17/2024,1/4/2030,Lise Abotson,a odio in hac habitasse
81,81,Nilson Wasselin,9/12/2024,3/31/2030,Gunter Vollam,vestibulum ante ipsum primis
82,82,Erasmus Goskar,2/20/2024,10/8/2030,Ad Pelzer,nulla suspendisse potenti cras in
83,83,Cordula Neles,2/24/2024,2/21/2030,Florella Choak,lacus purus aliquet at
84,84,Malachi Vere,2/16/2024,10/21/2030,Delmore Maffioni,massa id lobortis
85,85,Moe Sarton,8/27/2024,7/7/2030,Michel Paulet,non interdum in
86,86,Claiborne Gettins,5/31/2024,9/5/2030,Brok Thys,nibh ligula nec sem duis
87,87,Evyn Sacks,5/15/2024,2/15/2030,Beulah Emer,leo odio porttitor id
88,88,Christy O' Shea,1/17/2024,6/30/2030,Lorinda Dumpleton,consequat nulla nisl nunc nisl
89,89,Tandi Insko,8/31/2024,11/11/2030,Sunshine Rainey,lacus at turpis donec posuere
90,90,Brnaba Camamile,7/6/2024,8/2/2030,Hedwig Paulazzi,erat vestibulum sed magna at
91,91,Farly McDarmid,3/15/2024,8/27/2030,Eolande Ousley,accumsan tortor quis
92,92,Kristofor Davidovic,9/24/2024,12/8/2030,Roda Bourgeois,faucibus cursus urna ut
93,93,Ara Bengall,11/16/2024,10/14/2030,Eugenius Wittrington,lacus purus aliquet at
94,94,Codi Snoding,8/31/2024,3/18/2030,Genni Bygreaves,id mauris vulputate elementum nullam
95,95,Rebecca Slimmon,11/9/2024,11/15/2030,Addia Slaymaker,platea dictumst maecenas
96,96,Reinold Doohey,5/29/2024,6/24/2030,Annnora Lanfranchi,id pretium iaculis
97,97,Hetty Jaegar,9/13/2024,9/24/2030,Caprice Moro,tincidunt eget tempus
98,98,Vikki Cadlock,1/16/2024,6/16/2030,Sherie Philip,orci luctus et ultrices
99,99,Rurik Riggulsford,9/11/2024,10/27/2030,Conroy Busby,amet justo morbi ut
100,100,Giffie Volonte,4/14/2024,11/8/2030,Meredithe Faircliff,vel sem sed
